{"/root/LongWorld/enemies/ranger":{"pos":{"x":2466.300293, "y":58.300007}}, "/root/LongWorld/player":{"pos":{"x":1945.559082, "y":192.375336}}}
