{"/root/TuanWorld/player":{"pos":{"x":-358.662354, "y":576.004822}}}
